,Standards,Canadian Green and Transition Finance Taxonomy,Climate Bond Certified,Corporate Sustainability Reporting Directive,EU Taxonomy for Sustainable Activities,Sustainable Finance Disclosure Regulation,The Taskforce on Nature-related Financial Disclosures,UN PRB – Reporting and Self-Assessment Template,United Nations Environment Programme Finance Initiative (UNEP FI),CDP Climate Change Questionnaire 2022 (Modules 1–6),CDP Climate Change Questionnaire 2022 – Module 7: Emissions Methodology and Exclusions,"CDP Climate Change, Forests, and Water Security Questionnaire 2022 (Modules 8–13)",CDP Disclosure System Guide 2022,The Equator Principles (EP4),Gri 1: Foundation 2021,Gri 2: General Disclosures 2021,Gri 3: Material Topics 2021,Gri 11: Oil And Gas Sector 2021,Gri 12: Coal Sector 2022,"Gri 13: Agriculture, Aquaculture And Fishing Sectors 2022",Gri 14:  Mining Sector 2024,Gri 101: Biodiversity 2024,Gri 201: Economic Performance 2016,Gri 202: Market Presence 2016,Gri 203: Indirect Economic Impacts 2016,Gri 204: Procurement Practices 2016,Gri 205: Anti-corruption 2016,Gri 206: Anti-competitive Behavior 2016,Gri 207: Tax 2019,Gri 301: Materials 2016,Gri 302: Energy 2016,Gri 303: Water And Effluents 2018,Gri 304: Biodiversity 2016,Gri 305: Emissions 2016,Gri 306: Effluents And Waste 2016,Gri 306: Waste 2020,Gri 308: Supplier Environmental Assessment 2016,Gri 401: Employment 2016,Gri 402: Labor 2016,Gri 403: Occupational Health And Safety 2018,Gri 404: Training And Education 2016,Gri 405: Diversity And Equal Opportunity 2016,Gri 406: Non-discrimination 2016,Gri 407: Freedom Of Association And Collective Bargaining 2016,Gri 408: Child Labor 2016,Gri 409: Forced Or Compulsory Labor 2016,Gri 410: Security Practices 2016,Gri 411: Rights Of Indigenous Peoples 2016,Gri 413: Local Communities 2016,Gri 414: Supplier Social Assessment 2016,Gri 415: Public Policy 2016,Gri 416: Customer Health And Safety 2016,Gri 417: Marketing And Labeling 2016,Gri 418: Customer Privacy 2016,International Framework (ir),B-15 Climate Risk Guidelines OSFI,Task Force on Climate-related Financial Disclosures (TCFD),Asset Management & Custody Activities Sustainability Accounting Standard,Commercial Banks Sustainability Accounting Standard,Consumer Finance Sustainability Accounting Standard,Insurance Sustainability Accounting Standard,Mortgage Finance Sustainability Accounting Standard,Security & Commodity Exchanges Sustainability Accounting Standard,Ifrs S2: Ifrs Sustainability Disclosure Standard Climate-related Disclosures,Ifrs S1: General Requirements For Disclosure Of Sustainability-related Financial Information,Financed Emissions: The Global Ghg Standard & Reporting Part A,Financed Emissions: The Global Ghg Standard & Reporting Part B,Insurance-associated Emissions: The Global Ghg Standard & Reporting Part C
0,Canadian Green and Transition Finance Taxonomy,1.0,0.561,0.5,0.462,0.512,0.661,0.535,0.496,0.536,0.549,0.565,0.533,0.497,0.546,0.528,0.511,0.527,0.486,0.505,0.486,0.601,0.535,0.364,0.488,0.488,0.436,0.401,0.51,0.514,0.552,0.466,0.527,0.533,0.42,0.501,0.518,0.39,0.46,0.444,0.384,0.496,0.381,0.519,0.381,0.381,0.32,0.457,0.528,0.496,0.476,0.392,0.493,0.402,0.504,0.487,0.524,0.564,0.509,0.542,0.607,0.502,0.562,0.587,0.501,0.59,0.57,0.535
1,Climate Bond Certified,0.561,1.0,0.425,0.411,0.439,0.542,0.454,0.478,0.504,0.495,0.508,0.465,0.51,0.502,0.502,0.413,0.514,0.477,0.466,0.47,0.505,0.503,0.275,0.387,0.436,0.433,0.285,0.447,0.412,0.487,0.445,0.472,0.516,0.35,0.463,0.46,0.337,0.387,0.441,0.307,0.393,0.279,0.522,0.485,0.45,0.354,0.377,0.418,0.434,0.478,0.391,0.44,0.344,0.367,0.489,0.569,0.474,0.499,0.465,0.486,0.435,0.523,0.525,0.578,0.595,0.608,0.479
2,Corporate Sustainability Reporting Directive,0.5,0.425,1.0,0.632,0.704,0.523,0.435,0.472,0.435,0.479,0.507,0.469,0.519,0.47,0.48,0.455,0.493,0.469,0.465,0.528,0.483,0.523,0.32,0.443,0.533,0.474,0.516,0.492,0.512,0.463,0.476,0.484,0.454,0.395,0.412,0.488,0.388,0.52,0.444,0.358,0.368,0.372,0.57,0.434,0.448,0.382,0.455,0.454,0.463,0.482,0.425,0.492,0.399,0.436,0.432,0.457,0.539,0.463,0.494,0.526,0.526,0.564,0.567,0.514,0.434,0.471,0.452
3,EU Taxonomy for Sustainable Activities,0.462,0.411,0.632,1.0,0.767,0.46,0.382,0.414,0.473,0.467,0.395,0.457,0.481,0.478,0.46,0.458,0.495,0.501,0.489,0.512,0.423,0.443,0.26,0.393,0.437,0.467,0.426,0.498,0.456,0.465,0.467,0.457,0.449,0.44,0.469,0.533,0.414,0.47,0.541,0.39,0.433,0.382,0.49,0.453,0.423,0.425,0.415,0.455,0.456,0.42,0.529,0.504,0.411,0.422,0.372,0.392,0.456,0.417,0.47,0.451,0.422,0.496,0.48,0.47,0.371,0.44,0.431
4,Sustainable Finance Disclosure Regulation,0.512,0.439,0.704,0.767,1.0,0.495,0.472,0.437,0.48,0.466,0.454,0.476,0.453,0.483,0.507,0.448,0.477,0.461,0.516,0.506,0.428,0.525,0.336,0.435,0.459,0.478,0.5,0.506,0.487,0.494,0.516,0.457,0.48,0.403,0.472,0.489,0.461,0.529,0.515,0.451,0.457,0.409,0.536,0.433,0.447,0.417,0.389,0.461,0.457,0.49,0.523,0.539,0.463,0.517,0.42,0.425,0.504,0.499,0.569,0.489,0.549,0.522,0.508,0.504,0.47,0.477,0.465
5,The Taskforce on Nature-related Financial Disclosures,0.661,0.542,0.523,0.46,0.495,1.0,0.567,0.552,0.478,0.605,0.656,0.501,0.529,0.521,0.587,0.523,0.56,0.507,0.537,0.557,0.745,0.641,0.375,0.571,0.501,0.508,0.383,0.53,0.484,0.544,0.491,0.762,0.581,0.448,0.504,0.508,0.453,0.459,0.492,0.373,0.488,0.401,0.615,0.399,0.363,0.384,0.472,0.548,0.507,0.524,0.463,0.526,0.444,0.511,0.536,0.718,0.607,0.633,0.641,0.657,0.566,0.641,0.694,0.627,0.587,0.59,0.5
6,UN PRB – Reporting and Self-Assessment Template,0.535,0.454,0.435,0.382,0.472,0.567,1.0,0.754,0.444,0.548,0.516,0.516,0.464,0.459,0.502,0.496,0.409,0.468,0.433,0.489,0.557,0.531,0.383,0.508,0.466,0.5,0.389,0.446,0.46,0.435,0.489,0.488,0.425,0.336,0.428,0.497,0.42,0.404,0.452,0.459,0.441,0.466,0.483,0.386,0.399,0.424,0.448,0.491,0.536,0.495,0.439,0.5,0.477,0.497,0.441,0.456,0.456,0.623,0.544,0.473,0.485,0.475,0.525,0.448,0.524,0.494,0.394
7,United Nations Environment Programme Finance Initiative (UNEP FI),0.496,0.478,0.472,0.414,0.437,0.552,0.754,1.0,0.427,0.48,0.494,0.425,0.5,0.503,0.507,0.46,0.411,0.431,0.421,0.461,0.535,0.462,0.345,0.392,0.415,0.477,0.358,0.474,0.444,0.468,0.418,0.477,0.422,0.356,0.473,0.453,0.332,0.394,0.423,0.316,0.391,0.366,0.491,0.408,0.389,0.409,0.45,0.451,0.467,0.468,0.417,0.543,0.409,0.404,0.408,0.458,0.439,0.578,0.514,0.556,0.475,0.527,0.609,0.462,0.514,0.492,0.397
8,CDP Climate Change Questionnaire 2022 (Modules 1–6),0.536,0.504,0.435,0.473,0.48,0.478,0.444,0.427,1.0,0.721,0.65,0.621,0.446,0.559,0.6,0.552,0.633,0.537,0.57,0.56,0.58,0.617,0.366,0.512,0.496,0.436,0.313,0.587,0.538,0.583,0.553,0.495,0.797,0.489,0.672,0.549,0.477,0.511,0.586,0.46,0.461,0.477,0.585,0.448,0.445,0.359,0.501,0.522,0.517,0.536,0.488,0.541,0.443,0.521,0.436,0.575,0.518,0.577,0.472,0.552,0.488,0.587,0.595,0.646,0.564,0.611,0.617
9,CDP Climate Change Questionnaire 2022 – Module 7: Emissions Methodology and Exclusions,0.549,0.495,0.479,0.467,0.466,0.605,0.548,0.48,0.721,1.0,0.69,0.772,0.479,0.58,0.606,0.607,0.591,0.558,0.522,0.56,0.634,0.659,0.394,0.536,0.536,0.526,0.34,0.543,0.555,0.572,0.585,0.598,0.699,0.491,0.589,0.59,0.482,0.52,0.599,0.452,0.498,0.483,0.629,0.484,0.439,0.438,0.514,0.557,0.585,0.495,0.49,0.558,0.542,0.561,0.523,0.639,0.561,0.614,0.574,0.599,0.523,0.578,0.657,0.649,0.494,0.513,0.5
10,"CDP Climate Change, Forests, and Water Security Questionnaire 2022 (Modules 8–13)",0.565,0.508,0.507,0.395,0.454,0.656,0.516,0.494,0.65,0.69,1.0,0.605,0.497,0.568,0.686,0.532,0.602,0.506,0.575,0.54,0.718,0.669,0.357,0.522,0.525,0.474,0.351,0.519,0.602,0.627,0.55,0.64,0.707,0.487,0.586,0.556,0.445,0.509,0.575,0.45,0.503,0.478,0.683,0.424,0.468,0.41,0.535,0.484,0.545,0.572,0.477,0.579,0.5,0.518,0.433,0.644,0.572,0.58,0.554,0.642,0.583,0.675,0.698,0.655,0.548,0.562,0.496
11,CDP Disclosure System Guide 2022,0.533,0.465,0.469,0.457,0.476,0.501,0.516,0.425,0.621,0.772,0.605,1.0,0.477,0.498,0.561,0.533,0.508,0.502,0.437,0.494,0.548,0.552,0.333,0.489,0.506,0.469,0.372,0.487,0.567,0.529,0.51,0.493,0.561,0.423,0.513,0.497,0.484,0.479,0.506,0.434,0.47,0.477,0.561,0.457,0.457,0.434,0.474,0.478,0.515,0.442,0.462,0.552,0.584,0.513,0.423,0.49,0.497,0.508,0.58,0.488,0.466,0.493,0.48,0.514,0.434,0.462,0.445
12,The Equator Principles (EP4),0.497,0.51,0.519,0.481,0.453,0.529,0.464,0.5,0.446,0.479,0.497,0.477,1.0,0.54,0.466,0.55,0.495,0.516,0.435,0.487,0.508,0.491,0.352,0.477,0.529,0.542,0.367,0.518,0.418,0.488,0.436,0.472,0.46,0.389,0.458,0.519,0.345,0.44,0.489,0.356,0.457,0.371,0.53,0.546,0.469,0.408,0.51,0.503,0.513,0.464,0.438,0.475,0.404,0.454,0.482,0.454,0.489,0.418,0.49,0.437,0.435,0.494,0.496,0.477,0.462,0.497,0.412
13,Gri 1: Foundation 2021,0.546,0.502,0.47,0.478,0.483,0.521,0.459,0.503,0.559,0.58,0.568,0.498,0.54,1.0,0.57,0.638,0.596,0.643,0.589,0.544,0.563,0.533,0.339,0.466,0.494,0.45,0.347,0.477,0.576,0.503,0.543,0.52,0.571,0.52,0.568,0.545,0.377,0.515,0.526,0.384,0.521,0.485,0.714,0.448,0.395,0.369,0.513,0.472,0.523,0.472,0.491,0.573,0.423,0.566,0.47,0.504,0.5,0.514,0.439,0.626,0.487,0.626,0.657,0.545,0.474,0.522,0.516
14,Gri 2: General Disclosures 2021,0.528,0.502,0.48,0.46,0.507,0.587,0.502,0.507,0.6,0.606,0.686,0.561,0.466,0.57,1.0,0.572,0.535,0.474,0.478,0.518,0.644,0.706,0.409,0.501,0.521,0.528,0.359,0.641,0.616,0.635,0.551,0.601,0.732,0.471,0.664,0.514,0.513,0.553,0.636,0.497,0.616,0.568,0.709,0.44,0.448,0.431,0.587,0.514,0.52,0.546,0.569,0.602,0.555,0.57,0.454,0.651,0.601,0.588,0.547,0.662,0.561,0.628,0.649,0.611,0.503,0.559,0.486
15,Gri 3: Material Topics 2021,0.511,0.413,0.455,0.458,0.448,0.523,0.496,0.46,0.552,0.607,0.532,0.533,0.55,0.638,0.572,1.0,0.582,0.646,0.534,0.622,0.575,0.565,0.376,0.596,0.529,0.504,0.351,0.489,0.534,0.503,0.497,0.498,0.566,0.479,0.521,0.653,0.411,0.475,0.522,0.407,0.484,0.455,0.606,0.455,0.374,0.382,0.513,0.693,0.675,0.468,0.484,0.499,0.439,0.462,0.482,0.458,0.521,0.485,0.447,0.551,0.428,0.497,0.551,0.511,0.421,0.471,0.501
16,Gri 11: Oil And Gas Sector 2021,0.527,0.514,0.493,0.495,0.477,0.56,0.409,0.411,0.633,0.591,0.602,0.508,0.495,0.596,0.535,0.582,1.0,0.767,0.716,0.71,0.54,0.603,0.419,0.588,0.573,0.438,0.407,0.531,0.536,0.65,0.553,0.548,0.69,0.542,0.621,0.58,0.458,0.488,0.544,0.381,0.443,0.423,0.581,0.457,0.451,0.385,0.541,0.598,0.518,0.522,0.536,0.514,0.369,0.449,0.498,0.59,0.531,0.487,0.462,0.573,0.489,0.592,0.616,0.693,0.623,0.64,0.64
17,Gri 12: Coal Sector 2022,0.486,0.477,0.469,0.501,0.461,0.507,0.468,0.431,0.537,0.558,0.506,0.502,0.516,0.643,0.474,0.646,0.767,1.0,0.611,0.786,0.516,0.52,0.51,0.578,0.547,0.439,0.441,0.473,0.498,0.52,0.527,0.484,0.531,0.494,0.516,0.587,0.358,0.527,0.539,0.366,0.456,0.457,0.595,0.501,0.488,0.372,0.535,0.641,0.583,0.456,0.531,0.528,0.376,0.408,0.463,0.477,0.448,0.476,0.456,0.491,0.491,0.525,0.534,0.518,0.491,0.516,0.496
18,"Gri 13: Agriculture, Aquaculture And Fishing Sectors 2022",0.505,0.466,0.465,0.489,0.516,0.537,0.433,0.421,0.57,0.522,0.575,0.437,0.435,0.589,0.478,0.534,0.716,0.611,1.0,0.622,0.573,0.565,0.326,0.551,0.517,0.417,0.387,0.443,0.513,0.557,0.536,0.479,0.573,0.464,0.564,0.539,0.402,0.441,0.454,0.379,0.384,0.338,0.56,0.431,0.415,0.321,0.436,0.472,0.483,0.458,0.422,0.464,0.334,0.406,0.429,0.521,0.49,0.494,0.412,0.505,0.447,0.514,0.588,0.595,0.561,0.549,0.507
19,Gri 14:  Mining Sector 2024,0.486,0.47,0.528,0.512,0.506,0.557,0.489,0.461,0.56,0.56,0.54,0.494,0.487,0.544,0.518,0.622,0.71,0.786,0.622,1.0,0.584,0.607,0.477,0.588,0.554,0.517,0.474,0.511,0.526,0.523,0.557,0.549,0.575,0.474,0.531,0.603,0.434,0.52,0.586,0.407,0.454,0.473,0.577,0.515,0.501,0.384,0.553,0.628,0.584,0.535,0.51,0.515,0.371,0.418,0.428,0.487,0.518,0.511,0.461,0.525,0.551,0.542,0.576,0.564,0.518,0.51,0.491
20,Gri 101: Biodiversity 2024,0.601,0.505,0.483,0.423,0.428,0.745,0.557,0.535,0.58,0.634,0.718,0.548,0.508,0.563,0.644,0.575,0.54,0.516,0.573,0.584,1.0,0.667,0.365,0.567,0.598,0.533,0.387,0.535,0.579,0.579,0.489,0.769,0.668,0.447,0.566,0.634,0.46,0.476,0.548,0.425,0.546,0.471,0.684,0.487,0.448,0.372,0.531,0.549,0.634,0.548,0.463,0.572,0.519,0.48,0.397,0.584,0.535,0.605,0.527,0.62,0.5,0.633,0.672,0.59,0.511,0.565,0.499
21,Gri 201: Economic Performance 2016,0.535,0.503,0.523,0.443,0.525,0.641,0.531,0.462,0.617,0.659,0.669,0.552,0.491,0.533,0.706,0.565,0.603,0.52,0.565,0.607,0.667,1.0,0.466,0.646,0.583,0.536,0.371,0.623,0.618,0.636,0.573,0.609,0.73,0.473,0.658,0.563,0.55,0.509,0.609,0.487,0.556,0.502,0.679,0.463,0.482,0.399,0.526,0.506,0.582,0.68,0.487,0.522,0.462,0.565,0.477,0.635,0.592,0.634,0.579,0.619,0.584,0.61,0.63,0.661,0.575,0.623,0.555
22,Gri 202: Market Presence 2016,0.364,0.275,0.32,0.26,0.336,0.375,0.383,0.345,0.366,0.394,0.357,0.333,0.352,0.339,0.409,0.376,0.419,0.51,0.326,0.477,0.365,0.466,1.0,0.402,0.499,0.319,0.393,0.393,0.339,0.34,0.392,0.344,0.376,0.334,0.4,0.366,0.454,0.531,0.42,0.422,0.475,0.412,0.432,0.384,0.433,0.294,0.368,0.463,0.412,0.4,0.323,0.339,0.302,0.31,0.329,0.312,0.368,0.363,0.369,0.341,0.398,0.345,0.386,0.324,0.281,0.314,0.289
23,Gri 203: Indirect Economic Impacts 2016,0.488,0.387,0.443,0.393,0.435,0.571,0.508,0.392,0.512,0.536,0.522,0.489,0.477,0.466,0.501,0.596,0.588,0.578,0.551,0.588,0.567,0.646,0.402,1.0,0.537,0.457,0.388,0.496,0.471,0.569,0.519,0.518,0.596,0.421,0.525,0.557,0.414,0.444,0.49,0.383,0.399,0.395,0.496,0.4,0.402,0.301,0.457,0.599,0.588,0.498,0.471,0.482,0.385,0.478,0.426,0.482,0.514,0.525,0.459,0.495,0.476,0.518,0.549,0.547,0.485,0.568,0.502
24,Gri 204: Procurement Practices 2016,0.488,0.436,0.533,0.437,0.459,0.501,0.466,0.415,0.496,0.536,0.525,0.506,0.529,0.494,0.521,0.529,0.573,0.547,0.517,0.554,0.598,0.583,0.499,0.537,1.0,0.555,0.41,0.501,0.524,0.509,0.455,0.498,0.517,0.425,0.51,0.619,0.417,0.49,0.482,0.366,0.391,0.352,0.609,0.547,0.476,0.334,0.447,0.524,0.617,0.498,0.466,0.52,0.405,0.436,0.427,0.421,0.52,0.466,0.49,0.471,0.477,0.542,0.527,0.51,0.427,0.48,0.439
25,Gri 205: Anti-corruption 2016,0.436,0.433,0.474,0.467,0.478,0.508,0.5,0.477,0.436,0.526,0.474,0.469,0.542,0.45,0.528,0.504,0.438,0.439,0.417,0.517,0.533,0.536,0.319,0.457,0.555,1.0,0.447,0.516,0.479,0.423,0.44,0.497,0.468,0.391,0.479,0.539,0.412,0.42,0.456,0.436,0.493,0.402,0.558,0.505,0.378,0.412,0.456,0.456,0.552,0.506,0.495,0.501,0.483,0.431,0.473,0.494,0.521,0.495,0.492,0.469,0.469,0.477,0.479,0.483,0.396,0.406,0.429
26,Gri 206: Anti-competitive Behavior 2016,0.401,0.285,0.516,0.426,0.5,0.383,0.389,0.358,0.313,0.34,0.351,0.372,0.367,0.347,0.359,0.351,0.407,0.441,0.387,0.474,0.387,0.371,0.393,0.388,0.41,0.447,1.0,0.408,0.401,0.349,0.383,0.385,0.347,0.318,0.337,0.379,0.357,0.399,0.359,0.345,0.35,0.42,0.48,0.378,0.389,0.307,0.402,0.397,0.418,0.442,0.396,0.454,0.492,0.33,0.308,0.311,0.421,0.43,0.418,0.326,0.514,0.405,0.385,0.357,0.37,0.335,0.341
27,Gri 207: Tax 2019,0.51,0.447,0.492,0.498,0.506,0.53,0.446,0.474,0.587,0.543,0.519,0.487,0.518,0.477,0.641,0.489,0.531,0.473,0.443,0.511,0.535,0.623,0.393,0.496,0.501,0.516,0.408,1.0,0.495,0.53,0.445,0.491,0.593,0.411,0.598,0.436,0.483,0.496,0.553,0.436,0.499,0.444,0.55,0.447,0.394,0.401,0.503,0.512,0.449,0.56,0.5,0.541,0.419,0.517,0.443,0.572,0.561,0.502,0.513,0.511,0.479,0.542,0.545,0.556,0.491,0.539,0.461
28,Gri 301: Materials 2016,0.514,0.412,0.512,0.456,0.487,0.484,0.46,0.444,0.538,0.555,0.602,0.567,0.418,0.576,0.616,0.534,0.536,0.498,0.513,0.526,0.579,0.618,0.339,0.471,0.524,0.479,0.401,0.495,1.0,0.626,0.563,0.504,0.574,0.496,0.644,0.606,0.565,0.445,0.485,0.497,0.493,0.463,0.582,0.422,0.422,0.366,0.449,0.435,0.575,0.502,0.477,0.537,0.486,0.61,0.394,0.472,0.517,0.495,0.494,0.56,0.549,0.573,0.581,0.519,0.447,0.475,0.447
29,Gri 302: Energy 2016,0.552,0.487,0.463,0.465,0.494,0.544,0.435,0.468,0.583,0.572,0.627,0.529,0.488,0.503,0.635,0.503,0.65,0.52,0.557,0.523,0.579,0.636,0.34,0.569,0.509,0.423,0.349,0.53,0.626,1.0,0.544,0.529,0.69,0.523,0.668,0.575,0.493,0.467,0.584,0.455,0.463,0.437,0.568,0.48,0.51,0.405,0.473,0.441,0.537,0.56,0.532,0.528,0.42,0.526,0.466,0.573,0.54,0.508,0.515,0.594,0.522,0.627,0.646,0.625,0.586,0.612,0.522
30,Gri 303: Water And Effluents 2018,0.466,0.445,0.476,0.467,0.516,0.491,0.489,0.418,0.553,0.585,0.55,0.51,0.436,0.543,0.551,0.497,0.553,0.527,0.536,0.557,0.489,0.573,0.392,0.519,0.455,0.44,0.383,0.445,0.563,0.544,1.0,0.52,0.579,0.609,0.609,0.568,0.48,0.497,0.544,0.449,0.444,0.492,0.538,0.424,0.436,0.376,0.529,0.541,0.549,0.499,0.513,0.53,0.45,0.544,0.476,0.515,0.48,0.595,0.495,0.465,0.549,0.491,0.557,0.554,0.435,0.448,0.448
31,Gri 304: Biodiversity 2016,0.527,0.472,0.484,0.457,0.457,0.762,0.488,0.477,0.495,0.598,0.64,0.493,0.472,0.52,0.601,0.498,0.548,0.484,0.479,0.549,0.769,0.609,0.344,0.518,0.498,0.497,0.385,0.491,0.504,0.529,0.52,1.0,0.628,0.474,0.493,0.548,0.464,0.466,0.532,0.41,0.496,0.461,0.602,0.424,0.376,0.415,0.552,0.555,0.534,0.52,0.498,0.515,0.501,0.456,0.382,0.586,0.5,0.597,0.549,0.602,0.521,0.611,0.641,0.568,0.464,0.498,0.479
32,Gri 305: Emissions 2016,0.533,0.516,0.454,0.449,0.48,0.581,0.425,0.422,0.797,0.699,0.707,0.561,0.46,0.571,0.732,0.566,0.69,0.531,0.573,0.575,0.668,0.73,0.376,0.596,0.517,0.468,0.347,0.593,0.574,0.69,0.579,0.628,1.0,0.515,0.707,0.577,0.495,0.552,0.635,0.481,0.501,0.504,0.683,0.445,0.446,0.385,0.563,0.53,0.536,0.585,0.543,0.563,0.519,0.557,0.476,0.696,0.577,0.61,0.533,0.653,0.563,0.631,0.666,0.743,0.614,0.672,0.682
33,Gri 306: Effluents And Waste 2016,0.42,0.35,0.395,0.44,0.403,0.448,0.336,0.356,0.489,0.491,0.487,0.423,0.389,0.52,0.471,0.479,0.542,0.494,0.464,0.474,0.447,0.473,0.334,0.421,0.425,0.391,0.318,0.411,0.496,0.523,0.609,0.474,0.515,1.0,0.617,0.533,0.366,0.415,0.526,0.313,0.374,0.436,0.469,0.439,0.372,0.306,0.447,0.483,0.488,0.459,0.558,0.523,0.365,0.451,0.415,0.416,0.424,0.432,0.431,0.452,0.458,0.514,0.533,0.495,0.371,0.4,0.403
34,Gri 306: Waste 2020,0.501,0.463,0.412,0.469,0.472,0.504,0.428,0.473,0.672,0.589,0.586,0.513,0.458,0.568,0.664,0.521,0.621,0.516,0.564,0.531,0.566,0.658,0.4,0.525,0.51,0.479,0.337,0.598,0.644,0.668,0.609,0.493,0.707,0.617,1.0,0.561,0.511,0.481,0.608,0.455,0.551,0.474,0.596,0.464,0.48,0.377,0.476,0.503,0.523,0.54,0.511,0.54,0.445,0.569,0.443,0.522,0.522,0.516,0.49,0.554,0.51,0.552,0.625,0.595,0.527,0.554,0.482
35,Gri 308: Supplier Environmental Assessment 2016,0.518,0.46,0.488,0.533,0.489,0.508,0.497,0.453,0.549,0.59,0.556,0.497,0.519,0.545,0.514,0.653,0.58,0.587,0.539,0.603,0.634,0.563,0.366,0.557,0.619,0.539,0.379,0.436,0.606,0.575,0.568,0.548,0.577,0.533,0.561,1.0,0.425,0.435,0.497,0.406,0.439,0.38,0.576,0.551,0.471,0.332,0.429,0.685,0.912,0.529,0.504,0.519,0.417,0.481,0.474,0.48,0.504,0.46,0.441,0.515,0.442,0.546,0.592,0.54,0.457,0.52,0.491
36,Gri 401: Employment 2016,0.39,0.337,0.388,0.414,0.461,0.453,0.42,0.332,0.477,0.482,0.445,0.484,0.345,0.377,0.513,0.411,0.458,0.358,0.402,0.434,0.46,0.55,0.454,0.414,0.417,0.412,0.357,0.483,0.565,0.493,0.48,0.464,0.495,0.366,0.511,0.425,1.0,0.562,0.555,0.607,0.573,0.502,0.445,0.458,0.421,0.425,0.396,0.38,0.417,0.446,0.498,0.471,0.468,0.529,0.419,0.394,0.505,0.452,0.495,0.461,0.48,0.41,0.451,0.451,0.386,0.389,0.422
37,Gri 402: Labor 2016,0.46,0.387,0.52,0.47,0.529,0.459,0.404,0.394,0.511,0.52,0.509,0.479,0.44,0.515,0.553,0.475,0.488,0.527,0.441,0.52,0.476,0.509,0.531,0.444,0.49,0.42,0.399,0.496,0.445,0.467,0.497,0.466,0.552,0.415,0.481,0.435,0.562,1.0,0.622,0.474,0.561,0.517,0.667,0.506,0.535,0.413,0.533,0.454,0.457,0.411,0.588,0.594,0.433,0.487,0.478,0.489,0.512,0.491,0.478,0.524,0.534,0.53,0.538,0.51,0.372,0.441,0.453
38,Gri 403: Occupational Health And Safety 2018,0.444,0.441,0.444,0.541,0.515,0.492,0.452,0.423,0.586,0.599,0.575,0.506,0.489,0.526,0.636,0.522,0.544,0.539,0.454,0.586,0.548,0.609,0.42,0.49,0.482,0.456,0.359,0.553,0.485,0.584,0.544,0.532,0.635,0.526,0.608,0.497,0.555,0.622,1.0,0.508,0.551,0.54,0.616,0.633,0.652,0.484,0.581,0.461,0.513,0.45,0.628,0.596,0.469,0.561,0.446,0.52,0.453,0.484,0.501,0.561,0.522,0.553,0.604,0.586,0.42,0.452,0.456
39,Gri 404: Training And Education 2016,0.384,0.307,0.358,0.39,0.451,0.373,0.459,0.316,0.46,0.452,0.45,0.434,0.356,0.384,0.497,0.407,0.381,0.366,0.379,0.407,0.425,0.487,0.422,0.383,0.366,0.436,0.345,0.436,0.497,0.455,0.449,0.41,0.481,0.313,0.455,0.406,0.607,0.474,0.508,1.0,0.549,0.479,0.47,0.401,0.403,0.586,0.353,0.332,0.406,0.41,0.454,0.395,0.397,0.449,0.343,0.352,0.433,0.448,0.454,0.392,0.411,0.402,0.404,0.408,0.385,0.377,0.365
40,Gri 405: Diversity And Equal Opportunity 2016,0.496,0.393,0.368,0.433,0.457,0.488,0.441,0.391,0.461,0.498,0.503,0.47,0.457,0.521,0.616,0.484,0.443,0.456,0.384,0.454,0.546,0.556,0.475,0.399,0.391,0.493,0.35,0.499,0.493,0.463,0.444,0.496,0.501,0.374,0.551,0.439,0.573,0.561,0.551,0.549,1.0,0.618,0.583,0.398,0.417,0.424,0.469,0.461,0.455,0.404,0.441,0.44,0.475,0.461,0.394,0.459,0.527,0.47,0.446,0.53,0.464,0.475,0.488,0.431,0.376,0.395,0.4
41,Gri 406: Non-discrimination 2016,0.381,0.279,0.372,0.382,0.409,0.401,0.466,0.366,0.477,0.483,0.478,0.477,0.371,0.485,0.568,0.455,0.423,0.457,0.338,0.473,0.471,0.502,0.412,0.395,0.352,0.402,0.42,0.444,0.463,0.437,0.492,0.461,0.504,0.436,0.474,0.38,0.502,0.517,0.54,0.479,0.618,1.0,0.519,0.401,0.348,0.426,0.584,0.417,0.41,0.431,0.56,0.531,0.512,0.48,0.404,0.425,0.373,0.455,0.432,0.45,0.53,0.439,0.471,0.462,0.337,0.367,0.385
42,Gri 407: Freedom Of Association And Collective Bargaining 2016,0.519,0.522,0.57,0.49,0.536,0.615,0.483,0.491,0.585,0.629,0.683,0.561,0.53,0.714,0.709,0.606,0.581,0.595,0.56,0.577,0.684,0.679,0.432,0.496,0.609,0.558,0.48,0.55,0.582,0.568,0.538,0.602,0.683,0.469,0.596,0.576,0.445,0.667,0.616,0.47,0.583,0.519,1.0,0.556,0.547,0.519,0.564,0.49,0.6,0.567,0.546,0.646,0.566,0.53,0.498,0.636,0.547,0.565,0.553,0.639,0.558,0.66,0.668,0.623,0.493,0.565,0.528
43,Gri 408: Child Labor 2016,0.381,0.485,0.434,0.453,0.433,0.399,0.386,0.408,0.448,0.484,0.424,0.457,0.546,0.448,0.44,0.455,0.457,0.501,0.431,0.515,0.487,0.463,0.384,0.4,0.547,0.505,0.378,0.447,0.422,0.48,0.424,0.424,0.445,0.439,0.464,0.551,0.458,0.506,0.633,0.401,0.398,0.401,0.556,1.0,0.715,0.455,0.52,0.441,0.58,0.433,0.519,0.544,0.43,0.403,0.484,0.421,0.393,0.354,0.434,0.381,0.398,0.483,0.484,0.45,0.373,0.414,0.385
44,Gri 409: Forced Or Compulsory Labor 2016,0.381,0.45,0.448,0.423,0.447,0.363,0.399,0.389,0.445,0.439,0.468,0.457,0.469,0.395,0.448,0.374,0.451,0.488,0.415,0.501,0.448,0.482,0.433,0.402,0.476,0.378,0.389,0.394,0.422,0.51,0.436,0.376,0.446,0.372,0.48,0.471,0.421,0.535,0.652,0.403,0.417,0.348,0.547,0.715,1.0,0.466,0.494,0.383,0.515,0.406,0.393,0.449,0.339,0.405,0.333,0.391,0.337,0.351,0.354,0.349,0.371,0.449,0.444,0.423,0.361,0.432,0.34
45,Gri 410: Security Practices 2016,0.32,0.354,0.382,0.425,0.417,0.384,0.424,0.409,0.359,0.438,0.41,0.434,0.408,0.369,0.431,0.382,0.385,0.372,0.321,0.384,0.372,0.399,0.294,0.301,0.334,0.412,0.307,0.401,0.366,0.405,0.376,0.415,0.385,0.306,0.377,0.332,0.425,0.413,0.484,0.586,0.424,0.426,0.519,0.455,0.466,1.0,0.506,0.332,0.38,0.368,0.446,0.411,0.42,0.346,0.383,0.369,0.358,0.338,0.44,0.36,0.37,0.393,0.398,0.376,0.297,0.313,0.27
46,Gri 411: Rights Of Indigenous Peoples 2016,0.457,0.377,0.455,0.415,0.389,0.472,0.448,0.45,0.501,0.514,0.535,0.474,0.51,0.513,0.587,0.513,0.541,0.535,0.436,0.553,0.531,0.526,0.368,0.457,0.447,0.456,0.402,0.503,0.449,0.473,0.529,0.552,0.563,0.447,0.476,0.429,0.396,0.533,0.581,0.353,0.469,0.584,0.564,0.52,0.494,0.506,1.0,0.545,0.452,0.486,0.54,0.569,0.511,0.455,0.43,0.512,0.424,0.48,0.473,0.495,0.496,0.503,0.52,0.518,0.383,0.434,0.412
47,Gri 413: Local Communities 2016,0.528,0.418,0.454,0.455,0.461,0.548,0.491,0.451,0.522,0.557,0.484,0.478,0.503,0.472,0.514,0.693,0.598,0.641,0.472,0.628,0.549,0.506,0.463,0.599,0.524,0.456,0.397,0.512,0.435,0.441,0.541,0.555,0.53,0.483,0.503,0.685,0.38,0.454,0.461,0.332,0.461,0.417,0.49,0.441,0.383,0.332,0.545,1.0,0.703,0.463,0.513,0.507,0.452,0.469,0.475,0.458,0.504,0.46,0.462,0.511,0.454,0.463,0.531,0.47,0.428,0.482,0.49
48,Gri 414: Supplier Social Assessment 2016,0.496,0.434,0.463,0.456,0.457,0.507,0.536,0.467,0.517,0.585,0.545,0.515,0.513,0.523,0.52,0.675,0.518,0.583,0.483,0.584,0.634,0.582,0.412,0.588,0.617,0.552,0.418,0.449,0.575,0.537,0.549,0.534,0.536,0.488,0.523,0.912,0.417,0.457,0.513,0.406,0.455,0.41,0.6,0.58,0.515,0.38,0.452,0.703,1.0,0.53,0.503,0.535,0.456,0.47,0.465,0.456,0.485,0.479,0.475,0.486,0.452,0.535,0.567,0.503,0.42,0.493,0.452
49,Gri 415: Public Policy 2016,0.476,0.478,0.482,0.42,0.49,0.524,0.495,0.468,0.536,0.495,0.572,0.442,0.464,0.472,0.546,0.468,0.522,0.456,0.458,0.535,0.548,0.68,0.4,0.498,0.498,0.506,0.442,0.56,0.502,0.56,0.499,0.52,0.585,0.459,0.54,0.529,0.446,0.411,0.45,0.41,0.404,0.431,0.567,0.433,0.406,0.368,0.486,0.463,0.53,1.0,0.477,0.52,0.433,0.439,0.386,0.508,0.508,0.537,0.49,0.522,0.527,0.556,0.553,0.538,0.564,0.561,0.509
50,Gri 416: Customer Health And Safety 2016,0.392,0.391,0.425,0.529,0.523,0.463,0.439,0.417,0.488,0.49,0.477,0.462,0.438,0.491,0.569,0.484,0.536,0.531,0.422,0.51,0.463,0.487,0.323,0.471,0.466,0.495,0.396,0.5,0.477,0.532,0.513,0.498,0.543,0.558,0.511,0.504,0.498,0.588,0.628,0.454,0.441,0.56,0.546,0.519,0.393,0.446,0.54,0.513,0.503,0.477,1.0,0.741,0.544,0.469,0.508,0.483,0.473,0.459,0.547,0.512,0.541,0.566,0.554,0.565,0.398,0.47,0.449
51,Gri 417: Marketing And Labeling 2016,0.493,0.44,0.492,0.504,0.539,0.526,0.5,0.543,0.541,0.558,0.579,0.552,0.475,0.573,0.602,0.499,0.514,0.528,0.464,0.515,0.572,0.522,0.339,0.482,0.52,0.501,0.454,0.541,0.537,0.528,0.53,0.515,0.563,0.523,0.54,0.519,0.471,0.594,0.596,0.395,0.44,0.531,0.646,0.544,0.449,0.411,0.569,0.507,0.535,0.52,0.741,1.0,0.613,0.524,0.483,0.503,0.496,0.527,0.633,0.574,0.63,0.639,0.622,0.576,0.462,0.507,0.502
52,Gri 418: Customer Privacy 2016,0.402,0.344,0.399,0.411,0.463,0.444,0.477,0.409,0.443,0.542,0.5,0.584,0.404,0.423,0.555,0.439,0.369,0.376,0.334,0.371,0.519,0.462,0.302,0.385,0.405,0.483,0.492,0.419,0.486,0.42,0.45,0.501,0.519,0.365,0.445,0.417,0.468,0.433,0.469,0.397,0.475,0.512,0.566,0.43,0.339,0.42,0.511,0.452,0.456,0.433,0.544,0.613,1.0,0.441,0.414,0.456,0.453,0.51,0.639,0.469,0.479,0.446,0.437,0.453,0.371,0.372,0.448
53,International Framework (ir),0.504,0.367,0.436,0.422,0.517,0.511,0.497,0.404,0.521,0.561,0.518,0.513,0.454,0.566,0.57,0.462,0.449,0.408,0.406,0.418,0.48,0.565,0.31,0.478,0.436,0.431,0.33,0.517,0.61,0.526,0.544,0.456,0.557,0.451,0.569,0.481,0.529,0.487,0.561,0.449,0.461,0.48,0.53,0.403,0.405,0.346,0.455,0.469,0.47,0.439,0.469,0.524,0.441,1.0,0.478,0.514,0.491,0.48,0.522,0.538,0.51,0.488,0.593,0.534,0.434,0.476,0.468
54,B-15 Climate Risk Guidelines OSFI,0.487,0.489,0.432,0.372,0.42,0.536,0.441,0.408,0.436,0.523,0.433,0.423,0.482,0.47,0.454,0.482,0.498,0.463,0.429,0.428,0.397,0.477,0.329,0.426,0.427,0.473,0.308,0.443,0.394,0.466,0.476,0.382,0.476,0.415,0.443,0.474,0.419,0.478,0.446,0.343,0.394,0.404,0.498,0.484,0.333,0.383,0.43,0.475,0.465,0.386,0.508,0.483,0.414,0.478,1.0,0.639,0.514,0.419,0.541,0.463,0.472,0.437,0.547,0.585,0.459,0.466,0.484
55,Task Force on Climate-related Financial Disclosures (TCFD),0.524,0.569,0.457,0.392,0.425,0.718,0.456,0.458,0.575,0.639,0.644,0.49,0.454,0.504,0.651,0.458,0.59,0.477,0.521,0.487,0.584,0.635,0.312,0.482,0.421,0.494,0.311,0.572,0.472,0.573,0.515,0.586,0.696,0.416,0.522,0.48,0.394,0.489,0.52,0.352,0.459,0.425,0.636,0.421,0.391,0.369,0.512,0.458,0.456,0.508,0.483,0.503,0.456,0.514,0.639,1.0,0.556,0.585,0.551,0.614,0.537,0.595,0.666,0.751,0.564,0.636,0.543
56,Asset Management & Custody Activities Sustainability Accounting Standard,0.564,0.474,0.539,0.456,0.504,0.607,0.456,0.439,0.518,0.561,0.572,0.497,0.489,0.5,0.601,0.521,0.531,0.448,0.49,0.518,0.535,0.592,0.368,0.514,0.52,0.521,0.421,0.561,0.517,0.54,0.48,0.5,0.577,0.424,0.522,0.504,0.505,0.512,0.453,0.433,0.527,0.373,0.547,0.393,0.337,0.358,0.424,0.504,0.485,0.508,0.473,0.496,0.453,0.491,0.514,0.556,1.0,0.61,0.602,0.685,0.574,0.686,0.613,0.613,0.571,0.574,0.515
57,Commercial Banks Sustainability Accounting Standard,0.509,0.499,0.463,0.417,0.499,0.633,0.623,0.578,0.577,0.614,0.58,0.508,0.418,0.514,0.588,0.485,0.487,0.476,0.494,0.511,0.605,0.634,0.363,0.525,0.466,0.495,0.43,0.502,0.495,0.508,0.595,0.597,0.61,0.432,0.516,0.46,0.452,0.491,0.484,0.448,0.47,0.455,0.565,0.354,0.351,0.338,0.48,0.46,0.479,0.537,0.459,0.527,0.51,0.48,0.419,0.585,0.61,1.0,0.652,0.592,0.676,0.7,0.603,0.634,0.628,0.615,0.512
58,Consumer Finance Sustainability Accounting Standard,0.542,0.465,0.494,0.47,0.569,0.641,0.544,0.514,0.472,0.574,0.554,0.58,0.49,0.439,0.547,0.447,0.462,0.456,0.412,0.461,0.527,0.579,0.369,0.459,0.49,0.492,0.418,0.513,0.494,0.515,0.495,0.549,0.533,0.431,0.49,0.441,0.495,0.478,0.501,0.454,0.446,0.432,0.553,0.434,0.354,0.44,0.473,0.462,0.475,0.49,0.547,0.633,0.639,0.522,0.541,0.551,0.602,0.652,1.0,0.592,0.679,0.608,0.582,0.612,0.582,0.534,0.53
59,Insurance Sustainability Accounting Standard,0.607,0.486,0.526,0.451,0.489,0.657,0.473,0.556,0.552,0.599,0.642,0.488,0.437,0.626,0.662,0.551,0.573,0.491,0.505,0.525,0.62,0.619,0.341,0.495,0.471,0.469,0.326,0.511,0.56,0.594,0.465,0.602,0.653,0.452,0.554,0.515,0.461,0.524,0.561,0.392,0.53,0.45,0.639,0.381,0.349,0.36,0.495,0.511,0.486,0.522,0.512,0.574,0.469,0.538,0.463,0.614,0.685,0.592,0.592,1.0,0.576,0.714,0.785,0.657,0.535,0.619,0.688
60,Mortgage Finance Sustainability Accounting Standard,0.502,0.435,0.526,0.422,0.549,0.566,0.485,0.475,0.488,0.523,0.583,0.466,0.435,0.487,0.561,0.428,0.489,0.491,0.447,0.551,0.5,0.584,0.398,0.476,0.477,0.469,0.514,0.479,0.549,0.522,0.549,0.521,0.563,0.458,0.51,0.442,0.48,0.534,0.522,0.411,0.464,0.53,0.558,0.398,0.371,0.37,0.496,0.454,0.452,0.527,0.541,0.63,0.479,0.51,0.472,0.537,0.574,0.676,0.679,0.576,1.0,0.621,0.589,0.586,0.543,0.514,0.483
61,Security & Commodity Exchanges Sustainability Accounting Standard,0.562,0.523,0.564,0.496,0.522,0.641,0.475,0.527,0.587,0.578,0.675,0.493,0.494,0.626,0.628,0.497,0.592,0.525,0.514,0.542,0.633,0.61,0.345,0.518,0.542,0.477,0.405,0.542,0.573,0.627,0.491,0.611,0.631,0.514,0.552,0.546,0.41,0.53,0.553,0.402,0.475,0.439,0.66,0.483,0.449,0.393,0.503,0.463,0.535,0.556,0.566,0.639,0.446,0.488,0.437,0.595,0.686,0.7,0.608,0.714,0.621,1.0,0.749,0.65,0.599,0.655,0.526
62,Ifrs S2: Ifrs Sustainability Disclosure Standard Climate-related Disclosures,0.587,0.525,0.567,0.48,0.508,0.694,0.525,0.609,0.595,0.657,0.698,0.48,0.496,0.657,0.649,0.551,0.616,0.534,0.588,0.576,0.672,0.63,0.386,0.549,0.527,0.479,0.385,0.545,0.581,0.646,0.557,0.641,0.666,0.533,0.625,0.592,0.451,0.538,0.604,0.404,0.488,0.471,0.668,0.484,0.444,0.398,0.52,0.531,0.567,0.553,0.554,0.622,0.437,0.593,0.547,0.666,0.613,0.603,0.582,0.785,0.589,0.749,1.0,0.768,0.56,0.586,0.564
63,Ifrs S1: General Requirements For Disclosure Of Sustainability-related Financial Information,0.501,0.578,0.514,0.47,0.504,0.627,0.448,0.462,0.646,0.649,0.655,0.514,0.477,0.545,0.611,0.511,0.693,0.518,0.595,0.564,0.59,0.661,0.324,0.547,0.51,0.483,0.357,0.556,0.519,0.625,0.554,0.568,0.743,0.495,0.595,0.54,0.451,0.51,0.586,0.408,0.431,0.462,0.623,0.45,0.423,0.376,0.518,0.47,0.503,0.538,0.565,0.576,0.453,0.534,0.585,0.751,0.613,0.634,0.612,0.657,0.586,0.65,0.768,1.0,0.667,0.698,0.655
64,Financed Emissions: The Global Ghg Standard & Reporting Part A,0.59,0.595,0.434,0.371,0.47,0.587,0.524,0.514,0.564,0.494,0.548,0.434,0.462,0.474,0.503,0.421,0.623,0.491,0.561,0.518,0.511,0.575,0.281,0.485,0.427,0.396,0.37,0.491,0.447,0.586,0.435,0.464,0.614,0.371,0.527,0.457,0.386,0.372,0.42,0.385,0.376,0.337,0.493,0.373,0.361,0.297,0.383,0.428,0.42,0.564,0.398,0.462,0.371,0.434,0.459,0.564,0.571,0.628,0.582,0.535,0.543,0.599,0.56,0.667,1.0,0.753,0.653
65,Financed Emissions: The Global Ghg Standard & Reporting Part B,0.57,0.608,0.471,0.44,0.477,0.59,0.494,0.492,0.611,0.513,0.562,0.462,0.497,0.522,0.559,0.471,0.64,0.516,0.549,0.51,0.565,0.623,0.314,0.568,0.48,0.406,0.335,0.539,0.475,0.612,0.448,0.498,0.672,0.4,0.554,0.52,0.389,0.441,0.452,0.377,0.395,0.367,0.565,0.414,0.432,0.313,0.434,0.482,0.493,0.561,0.47,0.507,0.372,0.476,0.466,0.636,0.574,0.615,0.534,0.619,0.514,0.655,0.586,0.698,0.753,1.0,0.7
66,Insurance-associated Emissions: The Global Ghg Standard & Reporting Part C,0.535,0.479,0.452,0.431,0.465,0.5,0.394,0.397,0.617,0.5,0.496,0.445,0.412,0.516,0.486,0.501,0.64,0.496,0.507,0.491,0.499,0.555,0.289,0.502,0.439,0.429,0.341,0.461,0.447,0.522,0.448,0.479,0.682,0.403,0.482,0.491,0.422,0.453,0.456,0.365,0.4,0.385,0.528,0.385,0.34,0.27,0.412,0.49,0.452,0.509,0.449,0.502,0.448,0.468,0.484,0.543,0.515,0.512,0.53,0.688,0.483,0.526,0.564,0.655,0.653,0.7,1.0
