,Standard,Bmo,Scotiabank,Td,Cibc,Rbc
0,Canadian Green and Transition Finance Taxonomy,0.59,0.568,0.62,0.563,0.61
1,Climate Bond Certified,0.505,0.529,0.471,0.492,0.423
2,Corporate Sustainability Reporting Directive,0.451,0.427,0.466,0.437,0.461
3,EU Taxonomy for Sustainable Activities,0.366,0.338,0.401,0.375,0.348
4,Sustainable Finance Disclosure Regulation,0.377,0.367,0.396,0.363,0.376
5,The Taskforce on Nature-related Financial Disclosures,0.557,0.58,0.575,0.521,0.51
6,UN PRB – Reporting and Self-Assessment Template,0.549,0.564,0.577,0.574,0.574
7,United Nations Environment Programme Finance Initiative (UNEP FI),0.567,0.628,0.622,0.601,0.576
8,CDP Climate Change Questionnaire 2022 (Modules 1–6),0.492,0.512,0.473,0.442,0.387
9,CDP Climate Change Questionnaire 2022 – Module 7: Emissions Methodology and Exclusions,0.53,0.57,0.554,0.54,0.495
10,"CDP Climate Change, Forests, and Water Security Questionnaire 2022 (Modules 8–13)",0.566,0.567,0.578,0.491,0.484
11,CDP Disclosure System Guide 2022,0.469,0.51,0.516,0.501,0.451
12,The Equator Principles (EP4),0.457,0.46,0.43,0.488,0.462
13,Gri 1: Foundation 2021,0.5,0.487,0.516,0.495,0.475
14,Gri 2: General Disclosures 2021,0.54,0.548,0.595,0.522,0.45
15,Gri 3: Material Topics 2021,0.497,0.502,0.518,0.495,0.443
16,Gri 11: Oil And Gas Sector 2021,0.548,0.56,0.52,0.477,0.495
17,Gri 12: Coal Sector 2022,0.471,0.486,0.477,0.47,0.466
18,"Gri 13: Agriculture, Aquaculture And Fishing Sectors 2022",0.463,0.45,0.482,0.389,0.425
19,Gri 14:  Mining Sector 2024,0.497,0.507,0.493,0.489,0.444
20,Gri 101: Biodiversity 2024,0.579,0.563,0.546,0.543,0.474
21,Gri 201: Economic Performance 2016,0.516,0.53,0.517,0.496,0.493
22,Gri 202: Market Presence 2016,0.395,0.359,0.381,0.396,0.382
23,Gri 203: Indirect Economic Impacts 2016,0.424,0.464,0.46,0.399,0.472
24,Gri 204: Procurement Practices 2016,0.475,0.43,0.462,0.453,0.457
25,Gri 205: Anti-corruption 2016,0.439,0.419,0.442,0.457,0.403
26,Gri 206: Anti-competitive Behavior 2016,0.391,0.309,0.376,0.324,0.332
27,Gri 207: Tax 2019,0.483,0.468,0.471,0.469,0.404
28,Gri 301: Materials 2016,0.47,0.455,0.522,0.462,0.417
29,Gri 302: Energy 2016,0.517,0.536,0.507,0.478,0.469
30,Gri 303: Water And Effluents 2018,0.433,0.451,0.471,0.374,0.364
31,Gri 304: Biodiversity 2016,0.494,0.487,0.471,0.46,0.422
32,Gri 305: Emissions 2016,0.546,0.556,0.516,0.462,0.405
33,Gri 306: Effluents And Waste 2016,0.41,0.413,0.393,0.372,0.336
34,Gri 306: Waste 2020,0.501,0.487,0.522,0.443,0.447
35,Gri 308: Supplier Environmental Assessment 2016,0.484,0.48,0.51,0.444,0.422
36,Gri 401: Employment 2016,0.372,0.39,0.46,0.443,0.352
37,Gri 402: Labor 2016,0.453,0.436,0.419,0.485,0.418
38,Gri 403: Occupational Health And Safety 2018,0.501,0.448,0.43,0.48,0.403
39,Gri 404: Training And Education 2016,0.342,0.324,0.38,0.394,0.347
40,Gri 405: Diversity And Equal Opportunity 2016,0.47,0.461,0.547,0.547,0.463
41,Gri 406: Non-discrimination 2016,0.435,0.443,0.437,0.475,0.396
42,Gri 407: Freedom Of Association And Collective Bargaining 2016,0.52,0.519,0.512,0.513,0.452
43,Gri 408: Child Labor 2016,0.403,0.407,0.323,0.456,0.357
44,Gri 409: Forced Or Compulsory Labor 2016,0.391,0.372,0.32,0.395,0.356
45,Gri 410: Security Practices 2016,0.349,0.448,0.348,0.479,0.367
46,Gri 411: Rights Of Indigenous Peoples 2016,0.464,0.533,0.434,0.507,0.424
47,Gri 413: Local Communities 2016,0.503,0.512,0.497,0.482,0.425
48,Gri 414: Supplier Social Assessment 2016,0.489,0.51,0.497,0.464,0.43
49,Gri 415: Public Policy 2016,0.494,0.467,0.432,0.428,0.402
50,Gri 416: Customer Health And Safety 2016,0.455,0.481,0.43,0.487,0.374
51,Gri 417: Marketing And Labeling 2016,0.52,0.517,0.459,0.509,0.418
52,Gri 418: Customer Privacy 2016,0.445,0.45,0.444,0.469,0.359
53,International Framework (ir),0.436,0.4,0.406,0.425,0.439
54,B-15 Climate Risk Guidelines OSFI,0.492,0.532,0.388,0.48,0.441
55,Task Force on Climate-related Financial Disclosures (TCFD),0.548,0.604,0.506,0.468,0.438
56,Asset Management & Custody Activities Sustainability Accounting Standard,0.49,0.554,0.609,0.549,0.425
57,Commercial Banks Sustainability Accounting Standard,0.473,0.537,0.561,0.473,0.421
58,Consumer Finance Sustainability Accounting Standard,0.473,0.534,0.52,0.506,0.467
59,Insurance Sustainability Accounting Standard,0.566,0.626,0.638,0.589,0.472
60,Mortgage Finance Sustainability Accounting Standard,0.456,0.481,0.473,0.427,0.382
61,Security & Commodity Exchanges Sustainability Accounting Standard,0.53,0.544,0.571,0.522,0.44
62,Ifrs S2: Ifrs Sustainability Disclosure Standard Climate-related Disclosures,0.608,0.63,0.627,0.603,0.551
63,Ifrs S1: General Requirements For Disclosure Of Sustainability-related Financial Information,0.529,0.607,0.513,0.487,0.455
64,Financed Emissions: The Global Ghg Standard & Reporting Part A,0.487,0.547,0.54,0.439,0.433
65,Financed Emissions: The Global Ghg Standard & Reporting Part B,0.51,0.567,0.51,0.468,0.447
66,Insurance-associated Emissions: The Global Ghg Standard & Reporting Part C,0.484,0.527,0.468,0.442,0.366
